[
  {
    "id": "d641035b-3669-405c-be7f-900154603a31",
    "data": [
      {
        "text": "start the radio station ",
        "userDefined": false
      },
      {
        "text": "CNA 938",
        "meta": "@radio",
        "alias": "radio",
        "userDefined": true
      }
    ],
    "isTemplate": false,
    "count": 0,
    "lang": "en",
    "updated": 0
  },
  {
    "id": "c90ca721-3e62-40c2-a17f-59fef59443ea",
    "data": [
      {
        "text": "start playing ",
        "userDefined": false
      },
      {
        "text": "Class 95",
        "meta": "@radio",
        "alias": "radio",
        "userDefined": true
      }
    ],
    "isTemplate": false,
    "count": 0,
    "lang": "en",
    "updated": 0
  },
  {
    "id": "29871f1c-8795-4bde-bc13-ff39e0bfe9ba",
    "data": [
      {
        "text": "play ",
        "userDefined": false
      },
      {
        "text": "Kiss 92",
        "meta": "@radio",
        "alias": "radio",
        "userDefined": true
      }
    ],
    "isTemplate": false,
    "count": 0,
    "lang": "en",
    "updated": 0
  }
]