[
  {
    "id": "50ee1bbd-3f5f-4bca-b44f-39019a842d92",
    "data": [
      {
        "text": "stop playing",
        "userDefined": false
      }
    ],
    "isTemplate": false,
    "count": 0,
    "lang": "en",
    "updated": 0
  },
  {
    "id": "510f2b2a-7ba6-4b17-933d-b1f84da4b6fe",
    "data": [
      {
        "text": "stop the radio",
        "userDefined": false
      }
    ],
    "isTemplate": false,
    "count": 0,
    "lang": "en",
    "updated": 0
  },
  {
    "id": "ddb6522b-c6f6-4fec-af10-6f4802117fd3",
    "data": [
      {
        "text": "stop playing the radio",
        "userDefined": false
      }
    ],
    "isTemplate": false,
    "count": 0,
    "lang": "en",
    "updated": 0
  }
]